title,price,description,reviews,page
Packard 255 G2,$416.99,"15.6"", AMD E2-3800 1.3GHz, 4GB, 500GB, Windows 8.1",2,1
Aspire E1-510,$306.99,"15.6"", Pentium N3520 2.16GHz, 4GB, 500GB, Linux",2,1
ThinkPad T540p,$1178.99,"15.6"", Core i5-4200M, 4GB, 500GB, Win7 Pro 64bit",2,1
ProBook,$739.99,"14"", Core i5 2.6GHz, 4GB, 500GB, Win7 Pro 64bit",8,1
ThinkPad X240,$1311.99,"12.5"", Core i5-4300U, 8GB, 240GB SSD, Win7 Pro 64bit",12,1
Aspire E1-572G,$581.99,"15.6"", Core i5-4200U, 8GB, 1TB, Radeon R7 M265, Windows 8.1",2,1
ThinkPad Yoga,$1033.99,"12.5"" Touch, Core i3-4010U, 4GB, 500GB + 16GB SSD Cache,",13,2
Pavilion,$609.99,"15.6"", Core i5-4200U, 6GB, 750GB, Windows 8.1",4,2
Inspiron 15,$745.99,"Moon Silver, 15.6"", Core i7-4510U, 8GB, 1TB, Radeon HD R7 M265 2GB,",12,2
Dell XPS 13,$1281.99,"13.3"" Touch, Core i5-4210U, 8GB, 128GB SSD, Windows 8.1",4,2
ThinkPad X230,$1244.99,"12.5"", Core i5 2.6GHz, 8GB, 180GB SSD, Win7 Pro 64bit",10,2
HP 250 G3,$520.99,"15.6"", Core i5-4210U, 4GB, 500GB, Windows 8.1",13,2
ThinkPad Yoga,$1223.99,"12.5"" Touch, Core i5 4200U, 8GB, 500GB + 16GB SSD Cache, Windows",2,3
HP 350 G1,$577.99,"15.6"", Core i5-4200U, 4GB, 750GB, Radeon HD8670M 2GB, Windows",10,3
Asus VivoBook Max,$399,"Asus VivoBook Max X541NA-GQ041 Black Chocolate, 15.6"" HD, Pentium N4200 1.1GHz, 4GB, 500GB, Windows 10 Home",4,3
Dell Vostro 15,$488.78,"Dell Vostro 15 (3568) Black, 15.6"" FHD, Core i5-7200U, 4GB, 128GB SSD, Radeon R5 M420 2GB, Linux",14,3
Acer Spin 5,$564.98,"Acer Spin 5 SP513-51 Black, 13.3"" FHD Touch, Core i3-7100U, 4GB, 128GB SSD, Windows 10 Home",0,3
Acer Aspire A515-51-5654,$679,"Acer Aspire A515-51-5654, Black, 15.6"", FHD, Core i5-8250U, 8GB DDR4, 256GB SSD, Windows 10 Home, ENG",9,3
Dell Inspiron 15,$679,"Dell Inspiron 15 (5567) Fog Gray, 15.6"" FHD, Core i5-7200U, 8GB, 1TB, Radeon R7 M445 4GB, Linux",7,4
Asus VivoBook S14,$729,"Asus VivoBook S14 (S406UA-BV041T) Starry Grey, 14"", Core i5-8250U, 8GB, 256GB SSD, Windows 10 Home, Eng kbd",2,4
Asus ROG STRIX GL553VD-DM256,$799,"Asus ROG STRIX GL553VD-DM256, 15.6"" FHD, Core i5-7300HQ, 8GB, 1TB, GeForce GTX 1050 2GB, No OS",7,4
Acer Nitro 5 AN515-51,$809,"Acer Nitro 5 AN515-51, 15.6"" FHD IPS, Core i5-7300HQ, 8GB, 1TB, GeForce GTX 1050 2GB, Windows 10 Home",0,4
Asus ROG STRIX GL553VD-DM256,$899,"Asus ROG STRIX GL553VD-DM256, 15.6"" FHD, Core i5-7300HQ, 8GB, 1TB, GeForce GTX 1050 2GB, No OS + Windows 10 Home",7,4
Lenovo ThinkPad L570,$999,"Lenovo ThinkPad L570, 15.6"" FHD, Core i7-7500U, 8GB, 256GB SSD, Windows 10 Pro",11,4
Lenovo Legion Y520-15IKBM,$1149,"Lenovo Legion Y520-15IKBM, 15.6"" FHD IPS, Core i7-7700HQ, 8GB, 128GB SSD + 1TB, GeForce GTX 1060 Max-Q 6GB, DOS",11,5
Lenovo Legion Y720,$1399,"Lenovo Legion Y720, 15.6"" FHD IPS, Core i7-7700HQ, 8GB, 128GB SSD + 2TB HDD, GeForce GTX 1060 6GB, DOS, RGB backlit keyboard",8,5
Asus ROG Strix GL702ZC-GC154T,$1769,"Asus ROG Strix GL702ZC-GC154T, 17.3"" FHD, Ryzen 7 1700, 16GB, 256GB + 1TB HDD, Radeon RX 580 4GB, Windows 10 Home",7,5
Asus ROG Strix GL702ZC-GC209T,$1769,"Asus ROG Strix GL702ZC-GC209T, 17.3"" FHD IPS, Ryzen 7 1700, 16GB, 256GB SSD + 1TB HDD, Radeon RX 580 4GB, Windows 10 Home",8,5
Asus ROG Strix SCAR Edition GL503VM-ED115T,$1799,"Asus ROG Strix SCAR Edition GL503VM-ED115T, 15.6"" FHD 120Hz, Core i7-7700HQ, 16GB, 256GB SSD + 1TB SSHD, GeForce GTX 1060 6GB, Windows 10 Home",8,5
Asus VivoBook X441NA-GA190,$295.99,"Asus VivoBook X441NA-GA190 Chocolate Black, 14"", Celeron N3450, 4GB, 128GB SSD, Endless OS, ENG kbd",14,5
Prestigio SmartBook 133S Dark Grey,$299,"Prestigio SmartBook 133S Dark Grey, 13.3"" FHD IPS, Celeron N3350 1.1GHz, 4GB, 32GB, Windows 10 Pro + Office 365 1 gadam",8,6
Prestigio SmartBook 133S Gold,$299,"Prestigio SmartBook 133S Gold, 13.3"" FHD IPS, Celeron N3350 1.1GHz, 4GB, 32GB, Windows 10 Pro + Office 365 1 gadam",12,6
Lenovo V110-15IAP,$321.94,"Lenovo V110-15IAP, 15.6"" HD, Celeron N3350 1.1GHz, 4GB, 128GB SSD, Windows 10 Home",5,6
Lenovo V110-15IAP,$356.49,"Asus VivoBook 15 X540NA-GQ008T Chocolate Black, 15.6"" HD, Pentium N4200, 4GB, 500GB, Windows 10 Home, En kbd",6,6
Hewlett Packard 250 G6 Dark Ash Silver,$364.46,"Hewlett Packard 250 G6 Dark Ash Silver, 15.6"" HD, Celeron N3060 1.6GHz, 4GB, 128GB SSD, DOS",12,6
Acer Aspire 3 A315-31 Black,$372.7,"Acer Aspire 3 A315-31 Black, 15.6"" HD, Celeron N3350 1.1GHz, 4GB, 128GB SSD, Windows 10 Home",2,6
Acer Aspire A315-31-C33J,$379.94,"Acer Aspire A315-31-C33J Black 15.6"", HD, Celeron N3350, 4GB DDR3L, 128GB, Windows 10 Home, ENG",0,7
Acer Aspire ES1-572 Black,$379.95,"Acer Aspire ES1-572 Black, 15.6"" HD, Core i3-6006U, 4GB, 128GB SSD, Linux",9,7
Acer Aspire 3 A315-31 Black,$391.48,"Acer Aspire 3 A315-31 Black, 15.6"" HD, Pentium N4200 1.1GHz, 4GB, 128GB SSD, Windows 10 Home",10,7
Acer Aspire 3 A315-21,$393.88,"Acer Aspire 3 A315-21, 15.6"", AMD A4-9120. 4GB. 128GB SSD, Linux",9,7
Asus VivoBook E502NA-GO022T Dark Blue,$399.99,"Asus VivoBook E502NA-GO022T Dark Blue, 15.6"" HD, Pentium N4200 1.1GHz, 4GB, 128GB SSD, Windows 10 Home, En/Ru kbd",3,7
Lenovo ThinkPad E31-80,$404.23,"Lenovo ThinkPad E31-80, 13.3"" HD, Celeron 3855U 1.6GHz, 4GB, 128GB SSD, Windows 10 Home",12,7
Acer Aspire 3 A315-31 Black,$408.98,"Acer Aspire 3 A315-31 Black, 15.6"" HD, Pentium N4200 1.1GHz, 4GB, 128GB SSD, Windows 10 Home",10,8
Lenovo V110-15ISK,$409.63,"Lenovo V110-15ISK, 15.6"" HD, Core i3-6006U, 8GB, 128GB SSD, Windows 10 Home",9,8
Acer Aspire ES1-732 Black,$410.46,"Acer Aspire ES1-732 Black, 17.3"" HD+, Celeron, N3350, 4GB, 1TB, Windows 10 Home",14,8
Asus VivoBook 15 X540NA-GQ026T,$410.66,"Asus VivoBook 15 X540NA-GQ026T Chocolate Black, 15.6"" HD, Pentium N4200, 4GB, 128GB SSD, Windows 10 Home, En/Ru kbd",4,8
Asus EeeBook R416NA-FA014T,$433.3,"Asus EeeBook R416NA-FA014T, 14"" FHD, Pentium N4200, 4GB, 128GB eMMC, Windows 10 Home, Eng kbd",1,8
Acer Aspire 3 A315-51,$436.29,"Acer Aspire 3 A315-51, 15.6"" HD, Core i3-6006U, 4GB, 1TB, Windows 10 Home",1,8
Acer Aspire ES1-572 Black,$436.29,"Acer Aspire ES1-572 Black, 15.6"" HD, Core i3-6006U, 4GB, 500GB, Windows 10 Home",2,9
Acer Extensa 15 (2540) Black,$439.73,"Acer Extensa 15 (2540) Black, 15.6"" HD, Core i5-7200U, 4GB, 500GB, Linux",6,9
Acer Aspire ES1-572 Black,$454.62,"Acer Aspire ES1-572 Black, 15.6"" HD, Core i5-7200U, 4GB, 500GB, Linux",9,9
Lenovo V110-15ISK,$454.73,"Lenovo V110-15ISK, 15.6"" HD, Core i3-6006U, 4GB, 128GB SSD, Windows 10 Pro",2,9
Acer Aspire A315-51-33TG,$457.38,"Acer Aspire A315-51-33TG, Black 15.6"" HD, Core i3-7100U, 4GB DDR4, 128GB SSD, Windows 10 Home, ENG",9,9
Lenovo V110-15IKB,$465.95,"Lenovo V110-15IKB, 15.6"" HD, Core i5-7200U, 4GB, 500GB, DOS",7,9
Asus VivoBook 15 X540UA-DM260 Chocolate Black,$468.56,"Asus VivoBook 15 X540UA-DM260 Chocolate Black, 15.6"" FHD, Core i3-6006U, 4GB, 256GB SSD, Endless OS, En kbd",1,10
Acer Aspire ES1-572 Black,$469.1,"Acer Aspire ES1-572 Black, 15.6"" HD, Core i3-6006U, 4GB, 128GB SSD, Windows 10 Home",5,10
Lenovo V510 Black,$484.23,"Lenovo V510 Black, 14"" HD, Core i3-6006U, 4GB, 128GB SSD, Windows 10 Home",8,10
Acer Aspire ES1-572 Black,$485.9,"Acer Aspire ES1-572 Black, 15.6"" HD, Core i5-7200U, 4GB, 128GB SSD, Linux",6,10
Lenovo V510 Black,$487.8,"Lenovo V510 Black, 15.6"" HD, Core i3-6006U, 4GB, 128GB SSD, Windows 10 Home",9,10
Acer Swift 1 SF113-31 Silver,$488.64,"Acer Swift 1 SF113-31 Silver, 13.3"" FHD, Pentium N4200, 4GB, 128GB SSD, Windows 10 Home",4,10
Acer Aspire 3 A315-51 Black,$494.71,"Acer Aspire 3 A315-51 Black, 15.6"" FHD, Core i3-7100U, 4GB, 500GB + 128GB SSD, Windows 10 Home",2,11
Dell Vostro 15 (3568) Red,$497.17,"Dell Vostro 15 (3568) Red, 15.6"" HD, Core i5-7200U, 4GB, 1TB, Radeon R5 M420 2GB, Linux",9,11
Lenovo V510 Black,$498.23,"Lenovo V510 Black, 15.6"" FHD, Core i3-7100U, 4GB, 128GB SSD, Windows 10 Pro",5,11
Lenovo ThinkPad L460,$1096.02,"Lenovo ThinkPad L460, 14"" FHD IPS, Core i7-6600U, 8GB, 256GB SSD, Windows 10 Pro",14,11
Dell Inspiron 15 (7567) Black,$1098.42,"Dell Inspiron 15 (7567) Black, 15.6"" FHD, Core i5-7300HQ, 8GB, 256GB SSD, GeForce GTX 1050 4GB, Windows 10 Home",7,11
MSI GL72M 7RDX,$1099,"MSI GL72M 7RDX, 17.3"" FHD, Core i5-7300HQ, 8GB, 1TB + 128GB SSD, GeForce GTX 1050 2GB, Windows 10 Home",1,11
MSI GL72M 7RDX,$1099,"Asus ROG Strix GL553VD-DM535T, 15.6"" FHD, Core i7-7700HQ, 8GB, 1TB + 128GB SSD, GeForce GTX 1050 2GB, Windows 10 Home, Eng kbd",9,12
Asus ROG Strix GL553VD-DM535T,$1101.83,"Apple MacBook Air 13.3"", Core i5 1.8GHz, 8GB, 128GB SSD, Intel HD 4000, RUS",4,12
Dell Latitude 5280,$1102.66,"Dell Latitude 5280, 12.5"" HD, Core i5-7300U, 8GB, 256GB SSD, Windows 10 Pro",8,12
Dell Latitude 5480,$1110.14,"Dell Latitude 5480, 14"" FHD, Core i5-7300U, 8GB, 500GB, Linux + Windows 10 Home",4,12
Lenovo Legion Y520-15IKBM,$1112.91,"Lenovo Legion Y520-15IKBM, Black, 15.6"" FHD IPS, Core i5-7300HQ, 8 GB, 128GB SSD + 2 TB HDD, NVIDIA GeForce GTX 1060 6 GB, FreeDOS + Windows 10 Home",1,12
Toshiba Portege Z30-C-16J Grey,$1114.55,"Toshiba Portege Z30-C-16J Grey, 13.3"" FHD, Core i5-6200U, 8GB, 256GB SSD, Windows 10 Pro",0,12
Acer Predator Helios 300 (PH317-51),$1123.87,"Acer Predator Helios 300 (PH317-51), 17.3"" FHD IPS, Core i5-7300HQ, 8GB, 1TB + 128GB SSD, GeForce GTX 1050Ti 4GB, Windows 10 Home",1,13
Acer Aspire 7 A715-71G,$1123.87,"Acer Aspire 7 A715-71G, 15.6"" FHD IPS, Core i7-7700HQ, 8GB, 128GB SSD + 1TB HDD, GTX 1050 Ti 4GB, Windows 10 Home",4,13
Dell Inspiron 17 2in1 (7779) Silver,$1124.2,"Dell Inspiron 17 2in1 (7779) Silver, 17.3"" FHD Touch, Core i5-7200U, 12GB, 1TB, GeForce GT940MX 2GB, Windows 10 Home",10,13
Dell Latitude 5480,$1133.82,"Dell Latitude 5480, 14"" FHD, Core i5-7300U, 8GB, 500GB, Windows 10 Pro",14,13
Lenovo Legion Y520,$1133.91,"Lenovo Legion Y520, 15.6"" FHD, Core i7-7700HQ, 8GB, 128 GB SSD + 1TB HDD, GTX 1050 4GB, Windows 10 Home",13,13
Asus AsusPro Advanced BU401LA-FA271G Dark Grey,$1139.54,"Asus AsusPro Advanced BU401LA-FA271G Dark Grey, 14"", Core i5-4210U, 4GB, 128GB SSD, Win7 Pro 64bit, ENG",7,13
Acer Nitro 5 AN515-51,$1140.62,"Acer Nitro 5 AN515-51, 15.6"" FHD IPS, Core i7-7700HQ, 8GB, 256GB SSD +1TB, GeForce GTX 1050 Ti 4GB, Windows 10 Home + Windows 10 Home",14,14
Dell Latitude 5480,$1143.4,"Dell Latitude 5480, 14"" FHD, Core i5-7440HQ, 8GB, 256GB SSD, Windows 10 Pro",5,14
Dell Inspiron 15 (7567) Black,$1144.2,"Dell Inspiron 15 (7567) Black, 15.6"" FHD, Core i7-7700HQ, 8GB, 1TB, GeForce GTX 1050 Ti 4GB, Linux + Windows 10 Home",2,14
Dell Latitude 5580,$1144.4,"Dell Latitude 5580, 15.6"" FHD, Core i5-7300U, 8GB, 256GB SSD, Windows 10 Pro",10,14
MSI GP62M 7RDX Leopard,$1149,"MSI GP62M 7RDX Leopard, 15.6"" FHD, Core i7-7700HQ, 8GB, 1TB + 128GB SSD, GeForce GTX 1050 2GB, Windows 10 Home",11,14
Lenovo Yoga 720 Grey,$1149.73,"Lenovo Yoga 720 Grey, 15.6"" FHD IPS, Core i5-7300HQ, 8GB, 256GB SSD, GeForce GTX 1050 2GB, Windows 10 Home",12,14
Toshiba Portege Z30-C-16L Grey,$1154.04,"Toshiba Portege Z30-C-16L Grey, 13.3"" FHD, Core i7-6500U, 8GB, 256GB SSD, Windows 10 Pro",7,15
Acer TravelMate P645-S-511A Black,$1170.1,"Acer TravelMate P645-S-511A Black, 14"" FHD IPS, Core i5-5200U, 8GB, 256GB SSD, 3G, Windows 10 Pro",0,15
Dell Latitude 5580,$1178.19,"Dell Latitude 5580, 15.6"" FHD, Core i5-7300U, 16GB, 256GB SSD, Linux + Windows 10 Home",6,15
MSI GS63 7RD Stealth,$1179,"MSI GS63 7RD Stealth, 15.6"" FHD IPS, Core i7-7700HQ, 8GB, 256GB SSD, GeForce GTX 1050 2GB, DOS + Windows 10 Home",2,15
Dell Latitude 5480,$1187.88,"Dell Latitude 5480, 14"" FHD, Core i5-7300U, 8GB, 256GB SSD, Windows 10 Pro",5,15
Acer Predator Helios 300 (PH317-51),$1187.98,"Acer Predator Helios 300 (PH317-51), 17.3"" FHD IPS, Core i7-7700HQ. 8GB, 128GB SSD +1TB, GeForce GTX 1050Ti 4GB, Linux + Windows 10 Home",14,15
MSI GL62M 7REX,$1199,"MSI GL62M 7REX, 15.6"" FHD, Core i7-7700HQ, 8GB, 1TB + 128GB SSD, GeForce GTX 1050 Ti 2GB, Windows 10 Home",7,16
MSI GL62M 7REX2,$1199,"MSI GL62M 7REX2, 15.6"" FHD, Core i7-7700HQ, 8GB, 1TB + 128GB SSD, GeForce GTX 1050 Ti 2GB, Windows 10 Home",12,16
Lenovo Yoga 910 Grey,$1199.73,"Lenovo Yoga 910 Grey, 13.9"" FHD Touch, Core i5-7200U, 8GB, 256GB SSD, Windows 10 Home",7,16
Toshiba Portege X30-D-10J Black/Blue,$1203.41,"Toshiba Portege X30-D-10J Black/Blue, 13.3"" FHD IPS, Core i5-7200U, 8GB, 256GB SSD, Windows 10 Pro",13,16
Lenovo IdeaPad Miix 510 Platinum Silver,$1212.16,"Lenovo IdeaPad Miix 510 Platinum Silver, 12.2"" IPS Touch, Core i5-7200U, 8GB, 256GB SSD, 4G, Windows 10 Pro",0,16
Acer Predator Helios 300 (PH317-51),$1221.58,"Acer Predator Helios 300 (PH317-51), 17.3"" FHD IPS, Core i7-7700HQ, 8GB, 1TB + 128GB SSD, GeForce GTX 1050 Ti 4GB, Windows 10 Home",9,16
Asus VivoBook Pro 15 N580VN-FI006T Gold Metal,$1235.49,"Asus VivoBook Pro 15 N580VN-FI006T Gold Metal, 15.6"" UHD, Core i7-7700HQ, 16GB, 1TB + 256GB SSD, GeForce MX150 2GB, Windows 10 Home, Eng kbd",10,17
Dell Latitude 5480,$1238.37,"Dell Latitude 5480, 14"" FHD, Core i7-7600U, 8GB, 256GB SSD, Linux",0,17
Asus ZenBook UX530UX-FY040T Blue,$1239.2,"Asus ZenBook UX530UX-FY040T Blue, 15.6"" FHD, Core i7-7500U, 8GB, 512GB SSD, GeForce GTX950M 2GB, Windows 10 Home, Eng kbd",14,17
Asus ROG Strix GL753VE-GC096T,$1259,"Asus ROG Strix GL753VE-GC096T, 17.3"" FHD, Core i7-7700HQ, 8GB, 1TB + 128GB SSD, GeForce GTX 1050 Ti 4GB, Windows 10 Home, Eng kbd",7,17
"Apple MacBook Air 13""",$1260.13,"Apple MacBook Air 13"", i5 1.8GHz, 8GB, 256GB SSD, Intel HD 6000, ENG",8,17
Dell Latitude 5480,$1271.06,"Dell Latitude 5480, 14"" FHD, Core i7-7600U, 8GB, 1TB, GeForce GT930MX, Windows 10 Pro",13,17
Hewlett Packard Spectre 13-v106na Dark Ash Silver,$1273.11,"Hewlett Packard Spectre 13-v106na Dark Ash Silver, 13.3"" FHD IPS, Core i5-7200U, 8GB, 256GB SSD, Windows 10 Home",8,18
Toshiba Portege Z30-C-16K Grey,$1294.74,"Toshiba Portege Z30-C-16K Grey, 13.3"" FHD, Core i5-6200U, 8GB, 256GB SSD, 4G, Windows 10 Pro",6,18
MSI GL62VR 7RFX,$1299,"MSI GL62VR 7RFX, 15.6"" FHD, Core i7-7700HQ, 8GB, 1TB + 256GB SSD, GeForce GTX 1060 3GB, Windows 10 Home",1,18
Dell Latitude 5480,$1310.39,"Dell Latitude 5480, 14"" FHD, Core i7-7600U, 8GB, 256GB SSD, Windows 10 Pro",8,18
Hewlett Packard ProBook 640 G3,$1326.83,"Hewlett Packard ProBook 640 G3, 14"" FHD, Core i7-7600U, 8GB, 256GB SSD, Windows 10 Pro",2,18
"Apple MacBook Pro 13"" Space Gray",$1333,"Apple MacBook Pro 13"" Space Gray, Core i5 2.3GHz, 8GB, 128GB SSD, Iris Plus 640, ENG",0,18
Dell Latitude 5580,$1337.28,"Dell Latitude 5580, 15.6"" FHD, Core i7-7600U, 8GB, 256GB SSD, GeForce GT930MX, Windows 10 Pro",6,19
Dell Latitude 5480,$1338.37,"Dell Latitude 5480, 14"" FHD, Core i7-7600U, 8GB, 256GB SSD, Linux + Windows 10 Home",11,19
Dell Latitude 5580,$1341.22,"Dell Latitude 5580, 15.6"" FHD, Core i7-7600U, 16GB, 256GB SSD, GeForce GT930MX, Linux",3,19
"Apple MacBook Air 13""",$1347.78,"Apple MacBook Air 13"", Intel Core i5 1.8GHz, 8GB, 256GB SSD, Intel HD 6000, RUS",11,19
Lenovo ThinkPad T470,$1349.23,"Lenovo ThinkPad T470, 14"" FHD IPS, Core i5-7200U, 8GB, 256GB SSD, Windows 10 Pro",5,19
Lenovo ThinkPad Yoga 370 Black,$1362.24,"Lenovo ThinkPad Yoga 370 Black, 13.3"" FHD IPS Touch, Core i5-7200U, 8GB, 256GB SSD, 4G, Windows 10 Pro",12,19
Toshiba Portege X20W-D-10V Black/Blue,$1366.32,"Toshiba Portege X20W-D-10V Black/Blue, 12.5"" FHD Touch, Core i7-7500U, 8GB, 512GB SSD, Windows 10 Pro",11,20
Asus ASUSPRO B9440UA-GV0279R Gray,$1381.13,"Asus ASUSPRO B9440UA-GV0279R Gray, 14"" FHD, Core i7-7500U, 16GB, 512GB SSD, Windows 10 Pro, Eng kbd",4,20
Asus ROG Strix GL702VM-GC146T,$1399,"Asus ROG Strix GL702VM-GC146T, 17.3"" FHD, Core i7-7700HQ, 8GB, 1TB + 128GB SSD, GeForce GTX 1060 3GB, Windows 10 Home, Eng kbd",10,20
